{"cameraMode":{"drawMode":0,"name":"Shaded","section":"Shading Mode"},"sceneLighting":false,"audioPlay":false,"sceneViewState":{"showFog":false,"showMaterialUpdate":false,"showSkybox":false,"showFlares":false,"showImageEffects":false,"showParticleSystems":false},"in2DMode":false,"pivot":{"x":18.411884307861329,"y":-3.574089527130127,"z":-2.0856971740722658},"rotation":{"x":0.05446289852261543,"y":0.7867485880851746,"z":-0.0700095072388649,"w":0.6109861135482788},"size":2.8578836917877199,"orthographic":false}