{"cameraMode":{"drawMode":0,"name":"Shaded","section":"Shading Mode"},"sceneLighting":false,"audioPlay":false,"sceneViewState":{"showFog":false,"showMaterialUpdate":false,"showSkybox":false,"showFlares":false,"showImageEffects":false,"showParticleSystems":false},"in2DMode":false,"pivot":{"x":-16.558141708374025,"y":-32.76554489135742,"z":35.098785400390628},"rotation":{"x":-0.3349051773548126,"y":0.21610885858535767,"z":-0.07940024137496948,"w":-0.9138885140419006},"size":43.24568176269531,"orthographic":false}