{"cameraMode":{"drawMode":0,"name":"Shaded","section":"Shading Mode"},"sceneLighting":false,"audioPlay":false,"sceneViewState":{"showFog":false,"showMaterialUpdate":false,"showSkybox":false,"showFlares":false,"showImageEffects":false,"showParticleSystems":false},"in2DMode":false,"pivot":{"x":0.5657699704170227,"y":1.8951168060302735,"z":2.9538395404815676},"rotation":{"x":-0.00735844112932682,"y":0.9687921404838562,"z":-0.2466655671596527,"w":-0.029626306146383287},"size":1.3894692659378052,"orthographic":false}