{"cameraMode":{"drawMode":0,"name":"Shaded","section":"Shading Mode"},"sceneLighting":false,"audioPlay":false,"sceneViewState":{"showFog":false,"showMaterialUpdate":false,"showSkybox":false,"showFlares":false,"showImageEffects":false,"showParticleSystems":false},"in2DMode":false,"pivot":{"x":1.4809561967849732,"y":1.1121015548706055,"z":-0.35049062967300417},"rotation":{"x":-0.16447117924690247,"y":0.565985918045044,"z":-0.11632199585437775,"w":-0.7995979189872742},"size":2.4887120723724367,"orthographic":false}