{"cameraMode":{"drawMode":0,"name":"Shaded","section":"Shading Mode"},"sceneLighting":false,"audioPlay":false,"sceneViewState":{"showFog":false,"showMaterialUpdate":false,"showSkybox":false,"showFlares":false,"showImageEffects":false,"showParticleSystems":false},"in2DMode":false,"pivot":{"x":0.3233751058578491,"y":2.094923257827759,"z":2.5906624794006349},"rotation":{"x":-0.016334978863596917,"y":0.9789705872535706,"z":-0.18454326689243318,"w":-0.08740828931331635},"size":1.3894692659378052,"orthographic":false}