{"cameraMode":{"drawMode":0,"name":"Shaded","section":"Shading Mode"},"sceneLighting":true,"audioPlay":false,"sceneViewState":{"showFog":false,"showMaterialUpdate":false,"showSkybox":false,"showFlares":false,"showImageEffects":false,"showParticleSystems":false},"in2DMode":false,"pivot":{"x":2.2372357845306398,"y":2.592817783355713,"z":-6.111969470977783},"rotation":{"x":-0.08837893605232239,"y":0.35683673620224,"z":-0.033927660435438159,"w":-0.9293720722198486},"size":15.801097869873047,"orthographic":false}