{"cameraMode":{"drawMode":0,"name":"Shaded","section":"Shading Mode"},"sceneLighting":false,"audioPlay":false,"sceneViewState":{"showFog":false,"showMaterialUpdate":false,"showSkybox":false,"showFlares":false,"showImageEffects":false,"showParticleSystems":false},"in2DMode":false,"pivot":{"x":0.28866466879844668,"y":0.22685909271240235,"z":1.4297511577606202},"rotation":{"x":-0.23061276972293855,"y":-0.028605615720152856,"z":0.006782417185604572,"w":-0.9726027250289917},"size":5.125305652618408,"orthographic":false}